Intersection_ID,Timestamp,Vehicle_Count,Avg_Speed_kmph,Signal_Duration_sec,Pedestrian_Count,Emergency_Vehicle,Weather,Day_Type,Accident_Occurred,Road_Condition,Avg_Wait_Time_sec,AI_Signal_Optimized,AI_Model_Confidence,Reinforcement_Reward,Q_Value,Action_Taken,Predicted_Traffic_Flow,Actual_Traffic_Flow,Model_Error_Rate,Traffic_Density,Signal_Phase,AI_Predicted_GreenTime,AI_Predicted_RedTime,Adaptive_Cycle_Length,Throughput_Vehicles,Avg_Stop_Duration,Queue_Length,Fuel_Consumption_Liters,CO2_Emission_g,Noise_Level_dB,Camera_Detection_Accuracy,Object_Count_Camera,Frame_Processing_Time_ms,CPU_Usage_Percent,GPU_Usage_Percent,Memory_Usage_MB,Network_Latency_ms,Packet_Loss_Rate,AI_Learning_Rate,AI_Reward_Function_Value,Model_Update_Interval_sec,Reinforcement_Episode,Exploration_Rate,AI_Action_Value,System_Health_Score,Signal_Synchronization_Efficiency,Traffic_Clearance_Time,Pedestrian_Safety_Score,AI_Optimization_Score,Anomaly_Score,Traffic_Efficiency_Score
Junction_D,01-01-2025 00:00,147,63.4,78,66,0,Rainy,Weekday,0,Good,99.51,1,0.84,0.448,0.397,0.807,0.575,0.59,0.807,0.043,0.201,0.296,0.5,0.724,0.47,0.319,0.869,0.812,0.654,0.61,0.449,0.833,0.457,0.189,0.631,0.841,0.227,0.629,0.996,0.374,0.276,0.56,0.759,0.386,0.24,0.927,0.784,0.021,0.125,0.341,0.004
Junction_E,01-01-2025 01:00,247,30.28,43,17,0,Cloudy,Weekend,0,Average,21.98,1,0.833,0.558,0.044,0.476,0.076,0.061,0.861,0.446,0.216,0.62,0.434,0.493,0.502,0.416,0.53,0.343,0.35,0.568,0.296,0.458,0.149,0.282,0.164,0.036,0.406,0.763,0.191,0.67,0.792,0.695,0.479,0.954,0.125,0.665,0.648,0.364,0.188,0.064,0.021
Junction_C,01-01-2025 02:00,444,32.53,172,99,0,Foggy,Weekday,0,Average,26.39,0,0.011,0.166,0.278,0.996,0.383,0.362,0.817,0.07,0.691,0.6,0.25,0.633,0.201,0.908,0.468,0.111,0.617,0.792,0.93,0.259,0.93,0.268,0.566,0.658,0.851,0.765,0.313,0.072,0.225,0.796,0.045,0.911,0.586,0.691,0.748,0.531,0.351,0.18,0.05
Junction_E,01-01-2025 03:00,289,15.64,30,85,0,Cloudy,Weekday,0,Good,67.93,1,0.75,0.613,0.817,0.059,0.368,0.723,0.513,0.729,0.603,0.506,0.547,0.806,0.315,0.243,0.411,0.57,0.885,0.987,0.125,0.879,0.459,0.519,0.504,0.287,0.798,0.356,0.486,0.257,0.681,0.34,0.31,0.962,0.764,0.787,0.906,0.872,0.931,0.766,0.197
Junction_E,01-01-2025 04:00,193,44.7,146,33,0,Foggy,Weekday,0,Poor,37.07,0,0.759,0.363,0.285,0.003,0.182,0.201,0.438,0.608,0.619,0.35,0.274,0.398,0.791,0.091,0.818,0.582,0.231,0.251,0.652,0.197,0.182,0.234,0.014,0.56,0.267,0.274,0.664,0.714,0.254,0.007,0.292,0.428,0.993,0.116,0.864,0.687,0.8,0.494,0.311
Junction_B,01-01-2025 05:00,146,12.16,83,7,0,Foggy,Weekday,0,Average,62.44,0,0.678,0.897,0.818,0.64,0.436,0.204,0.996,0.707,0.941,0.913,0.902,0.806,0.916,0.319,0.895,0.715,0.404,0.51,0.053,0.947,0.302,0.124,0.363,0.279,0.245,0.801,0.528,0.48,0.884,0.48,0.811,0.197,0.758,0.36,0.674,0.112,0.433,0.881,0.001
Junction_C,01-01-2025 06:00,250,37.94,147,39,0,Cloudy,Weekday,0,Poor,53.38,0,0.756,0.169,0.532,0.298,0.332,0.01,0.229,0.374,0.776,0.34,0.215,0.592,0.36,0.105,0.853,0.24,0.993,0.909,0.446,0.206,0.051,0.124,0.601,0.349,0.227,0.377,0.969,0.402,0.561,0.016,0.088,0.627,0.794,0.968,0.215,0.148,0.493,0.397,0.211
Junction_C,01-01-2025 07:00,173,42.56,32,82,0,Foggy,Weekend,0,Good,70.44,0,0.842,0.507,0.88,0.24,0.342,0.437,0.547,0.369,0.128,0.456,0.884,0.166,0.307,0.129,0.674,0.444,0.869,0.785,0.554,0.614,0.468,0.583,0.849,0.923,0.339,0.903,0.724,0.151,0.186,0.092,0.806,0.685,0.616,0.923,0.638,0.428,0.266,0.269,0.05
Junction_C,01-01-2025 08:00,236,27.19,173,41,0,Clear,Weekend,0,Average,92.16,0,0.47,0.598,0.575,0.312,0.739,0.883,0.671,0.045,0.348,0.678,0.559,0.025,0.195,0.574,0.137,0.282,0.565,0.487,0.298,0.223,0.853,0.735,0.889,0.207,0.498,0.07,0.212,0.442,0.224,0.327,0.669,0.125,0.986,0.884,0.506,0.196,0.704,0.348,0.054
Junction_E,01-01-2025 09:00,375,45.45,41,40,0,Rainy,Weekend,0,Poor,88.7,0,0.502,0.033,0.03,0.256,0.223,0.052,0.701,0.35,0.435,0.543,0.828,0.363,0.678,0.061,0.277,0.081,0.517,0.945,0.455,0.546,0.934,0.322,0.484,0.874,0.439,0.058,0.105,0.771,0.494,0.437,0.732,0.786,0.64,0.452,0.717,0.028,0.803,0.713,0.063
Junction_D,01-01-2025 10:00,398,11.83,103,5,0,Foggy,Weekday,0,Average,67.34,0,0.125,0.364,0.675,0.031,0.642,0.191,0.204,0.929,0.396,0.347,0.713,0.547,0.323,0.031,0.046,0.877,0.285,0.057,0.164,0.684,0.933,0.035,0.728,0.03,0.218,0.927,0.688,0.264,0.962,0.279,0.432,0.018,0.86,0.857,0.833,0.805,0.239,0.555,0.083
Junction_C,01-01-2025 11:00,308,12.24,45,51,1,Clear,Weekend,0,Good,100.46,0,0.385,0.733,0.045,0.972,0.571,0.31,0.654,0.379,0.669,0.436,0.697,0.84,0.988,0.714,0.931,0.729,0.517,0.931,0.304,0.19,0.125,0.127,0.316,0.091,0.13,0.648,0.158,0.005,0.77,0.582,0.68,0.483,0.946,0.048,0.743,0.02,0.042,0.904,0.002
Junction_E,01-01-2025 12:00,197,59.36,131,25,0,Foggy,Weekday,0,Poor,57.39,0,0.643,0.82,0.451,0.221,0.568,0.732,0.818,0.831,0.892,0.794,0.324,0.127,0.326,0.362,0.661,0.301,0.848,0.051,0.621,0.521,0.382,0.915,0.342,0.855,0.013,0.38,0.788,0.669,0.488,0.055,0.609,0.331,0.93,0.149,0.847,0.831,0.624,0.602,0.059
Junction_B,01-01-2025 13:00,301,31.61,146,63,0,Rainy,Weekday,0,Good,108.64,1,0.78,0.313,0.929,0.734,0.663,0.641,0.05,0.842,0.306,0.278,0.234,0.8,0.394,0.125,0.746,0.599,0.685,0.547,0.302,0.469,0.028,0.494,0.194,0.631,0.154,0.755,0.311,0.973,0.338,0.145,0.769,0.74,0.381,0.414,0.064,0.144,0.563,0.493,0.051
Junction_D,01-01-2025 14:00,492,17.62,37,97,0,Clear,Weekday,1,Good,17.84,0,0.217,0.799,0.165,0.763,0.548,0.416,0.912,0.373,0.552,0.142,0.211,0.863,0.603,0.254,0.312,0.201,0.29,0.89,0.9,0.071,0.855,0.454,0.562,0.747,0.705,0.672,0.327,0.607,0.549,0.695,0.447,0.313,0.079,0.483,0.032,0.975,0.402,0.786,0.03
Junction_B,01-01-2025 15:00,469,41.33,151,58,0,Rainy,Weekday,0,Average,115.01,0,0.138,0.968,0.39,0.929,0.879,0.759,0.03,0.632,0.789,0.313,0.857,0.151,0.802,0.642,0.846,0.89,0.201,0.263,0.628,0.818,0.359,0.038,0.315,0.209,0.244,0.531,0.011,0.12,0.748,0.142,0.473,0.827,0.172,0.264,0.259,0.604,0.644,0.948,0.026
Junction_D,01-01-2025 16:00,452,56.2,121,55,0,Rainy,Weekend,0,Poor,82.02,0,0.663,0.857,0.73,0.031,0.676,0.61,0.356,0.095,0.416,0.85,0.82,0.852,0.47,0.276,0.26,0.115,0.265,0.472,0.439,0.336,0.631,0.729,0.084,0.537,0.469,0.099,0.701,0.321,0.784,0.64,0.644,0.595,0.059,0.356,0.901,0.735,0.551,0.356,0.112
Junction_E,01-01-2025 17:00,395,22.95,119,58,0,Clear,Weekend,0,Good,51.81,0,0.002,0.118,0.882,0.872,0.547,0.896,0.016,0.104,0.168,0.089,0.441,0.991,0.423,0.495,0.002,0.004,0.17,0.324,0.039,0.575,0.715,0.528,0.685,0.737,0.591,0.812,0.113,0.868,0.325,0.055,0.108,0.794,0.105,0.163,0.824,0.11,0.251,0.25,0.14
Junction_A,01-01-2025 18:00,196,47.37,165,69,0,Clear,Weekday,0,Good,31.69,0,0.178,0.74,0.671,0.527,0.83,0.818,0.077,0.049,0.475,0.992,0.132,0.727,0.996,0.122,0.376,0.502,0.096,0.952,0.5,0.515,0.43,0.202,0.708,0.627,0.887,0.866,0.773,0.233,0.721,0.407,0.436,0.989,0.185,0.489,0.683,0.862,0.398,0.616,0.27
Junction_D,01-01-2025 19:00,197,15.12,89,32,0,Clear,Weekend,0,Poor,62.71,1,0.029,0.32,0.258,0.633,0.606,0.253,0.911,0.581,0.055,0.541,0.382,0.785,0.01,0.588,0.571,0.583,0.419,0.824,0.765,0.513,0.306,0.11,0.36,0.472,0.889,0.172,0.492,0.608,0.658,0.177,0.972,0.679,0.341,0.794,0.701,0.839,0.428,0.499,0.018
Junction_B,01-01-2025 20:00,401,13.1,57,52,0,Cloudy,Weekday,0,Good,31.4,0,0.167,0.988,0.675,0.644,0.291,0.271,0.355,0.426,0.942,0.985,0.619,0.994,0.895,0.316,0.479,0.579,0.113,0.709,0.266,0.107,0.962,0.383,0.077,0.96,0.746,0.851,0.784,0.403,0.959,0.11,0.038,0.985,0.544,0.661,0.727,0.653,0.88,0.989,0.419
Junction_E,01-01-2025 21:00,248,41.88,130,21,0,Clear,Weekend,0,Good,28.3,0,0.181,0.485,0.297,0.82,0.207,0.125,0.425,0.548,0.075,0.939,0.454,0.605,0.149,0.627,0.862,0.055,0.172,0.588,0.807,0.423,0.964,0.837,0.426,0.676,0.035,0.878,0.584,0.208,0.931,0.567,0.316,0.029,0.712,0.108,0.943,0.502,0.961,0.462,0.422
Junction_D,01-01-2025 22:00,357,42.44,70,20,0,Clear,Weekend,1,Poor,77.91,0,0.388,0.122,0.718,0.333,0.152,0.337,0.215,0.521,0.438,0.453,0.78,0.308,0.786,0.808,0.105,0.314,0.547,0.821,0.252,0.452,0.289,0.865,0.442,0.908,0.575,0.549,0.082,0.813,0.789,0.928,0.314,0.338,0.211,0.488,0.832,0.721,0.893,0.074,0.246
Junction_A,01-01-2025 23:00,466,48.25,174,69,0,Clear,Weekday,0,Poor,67.54,0,0.402,0.725,0.954,0.733,0.899,1,0.597,0.35,0.53,0.198,0.998,0.838,0.618,0.612,0.554,0.499,0.165,0.392,0.824,0.734,0.48,0.603,0.669,0.73,0.787,0.656,0.766,0.743,0.723,0.055,0.633,0.108,0.673,0.698,0.623,0.006,0.719,0.977,0.127
Junction_A,02-01-2025 00:00,473,53.57,170,69,0,Clear,Weekend,0,Poor,83.71,0,0.874,0.323,0.721,0.529,0.71,0.406,0.595,0.677,0.985,0.165,0.191,0.614,0.342,0.296,0.513,0.217,0.064,0.448,0.085,0.84,0.973,0.728,0.315,0.735,0.017,0.382,0.07,0.662,0.274,0.422,0.106,0.262,0.704,0.53,0.666,0.592,0.585,0.844,0.072
Junction_C,02-01-2025 01:00,177,68.55,75,3,0,Foggy,Weekday,0,Poor,112.26,0,0.51,0.997,0.863,0.793,0.937,0.22,0.372,0.759,0.166,0.24,0.46,0.581,0.874,0.256,0.281,0.873,0.317,0.73,0.866,0.545,0.005,0.115,0.683,0.08,0.55,0.282,0.479,0.236,0.846,0.708,0.629,0.839,0.559,0.392,0.214,0.847,0.689,0.178,0.028
Junction_C,02-01-2025 02:00,88,40.98,64,93,0,Cloudy,Weekend,0,Average,68.55,0,0.723,0.98,0.002,0.991,0.603,0.762,0.333,0.015,0.114,0.71,0.431,0.254,0.013,0.327,0.822,0.087,0.22,0.358,0.499,0.087,0.413,0.588,0.871,0.359,0.858,0.722,0.172,0.098,0.428,0.463,0.095,0.032,0.904,0.622,0.657,0.357,0.939,0.905,0.269
Junction_B,02-01-2025 03:00,387,29.38,163,74,0,Rainy,Weekday,0,Poor,73.9,0,0.104,0.656,0.718,0.201,0.473,0.542,0.885,0.207,0.009,0.273,0.304,0.756,0.227,0.165,0.753,0.487,0.515,0.064,0.297,0.237,0.1,0.667,0.237,0.858,0.474,0.862,0.752,0.576,0.272,0.806,0.095,0.52,0.111,0.969,0.425,0.108,0.25,0.341,0.011
Junction_D,02-01-2025 04:00,409,57.71,111,61,0,Clear,Weekday,0,Average,19.86,0,0.225,0.13,0.83,0.995,0.06,0.15,0.383,0.713,0.156,0.341,0.198,0.082,0.567,0.181,0.733,0.691,0.102,0.074,0.265,0.165,0.509,0.201,0.979,0.233,0.004,0.654,0.912,0.554,0.384,0.18,0.728,0.567,0.177,0.095,0.153,0.421,0.535,0.377,0.275
Junction_D,02-01-2025 05:00,178,26.25,144,61,0,Foggy,Weekend,0,Average,88.94,0,0.703,0.687,0.041,0.09,0.672,0.381,0.494,0.387,0.207,0.449,0.066,0.924,0.352,0.791,0.876,0.262,0.752,0.115,0.432,0.125,0.025,0.88,0.386,0.116,0.011,0.512,0.554,0.188,0.836,0.96,0.324,0.561,0.429,0.39,0.806,0.727,0.69,0.906,0.09
Junction_C,02-01-2025 06:00,316,36.34,76,93,0,Foggy,Weekend,0,Average,53.99,1,0.053,0.093,0.872,0.002,0.582,0.414,0.283,0.662,0.631,0.913,0.887,0.326,0.61,0.385,0.723,0.624,0.906,0.87,0.999,0.366,0.407,0.195,0.267,0.326,0.417,0.159,0.527,0.056,0.149,0.385,0.977,0.475,0.127,0.407,0.51,0.107,0.679,0.53,0.268
Junction_D,02-01-2025 07:00,490,14.71,39,94,0,Foggy,Weekday,0,Good,117.44,1,0.487,0.029,0.257,0.044,0.99,0.754,0.787,0.347,0.22,0.189,0.42,0.128,0.024,0.436,0.232,0.829,0.743,0.472,0.22,0.229,0.221,0.313,0.422,0.22,0.155,0.053,0.764,0.081,0.456,0.342,0.037,0.791,0.566,0.577,0.977,0.206,0.252,0.138,0.001
Junction_D,02-01-2025 08:00,483,11.52,85,23,0,Rainy,Weekend,0,Average,100.55,1,0.599,0.823,0.665,0.342,0.239,0.021,0.397,0.391,0.021,0.005,0.497,0.442,0.116,0.594,0.706,0.19,0.533,0.713,0.103,0.218,0.533,0.621,0.094,0.925,0.664,0.446,0.005,0.993,0.492,0.875,0.445,0.134,0.398,0.152,0.282,0.148,0.587,0.369,0.057
Junction_A,02-01-2025 09:00,200,67.76,59,54,0,Clear,Weekend,0,Average,67.47,0,0.602,0.21,0.8,0.633,0.531,0.269,0.514,0.159,0.827,0.06,0.917,0.042,0.127,0.59,0.308,0.917,0.861,0.393,0.585,0.055,0.996,0.638,0.126,0.868,0.709,0.049,0.918,0.784,0.037,0.564,0.113,0.311,0.285,0.177,0.481,0.797,0.796,0.722,0.169
Junction_C,02-01-2025 10:00,464,60.16,138,8,0,Cloudy,Weekday,0,Good,23.55,0,0.023,0.379,0.663,0.069,0.651,0.518,0.253,0.258,0.366,0.905,0.776,0.685,0.189,0.067,0.242,0.554,0.695,0.259,0.489,0.018,0.801,0.699,0.414,0.5,0.178,0.569,0.197,0.922,0.196,0.516,0.351,0.616,0.17,0.285,0.448,0.063,0.475,0.174,0.285
Junction_E,02-01-2025 11:00,347,51.76,34,2,0,Cloudy,Weekday,0,Good,104.54,0,0.322,0.973,0.092,0.006,0.645,0.269,0.988,0.605,0.354,0.648,0.131,0.903,0.459,0.832,0.073,0.299,0.011,0.347,0.524,0.103,0.846,0.112,0.762,0.061,0.889,0.383,0.984,0.195,0.827,0.727,0.998,0.691,0.335,0.956,0.121,0.687,0.793,0.59,0.001
Junction_C,02-01-2025 12:00,148,34.54,148,30,0,Foggy,Weekend,1,Good,97.98,0,0.636,0.337,0.596,0.937,0.561,0.628,0.291,0.433,0.302,0.273,0.565,0.837,0.752,0.177,0.744,0.431,0.394,0.794,0.667,0.172,0.635,0.849,0.9,0.715,0.442,0.757,0.736,0.961,0.831,0.58,0.889,0.404,0.608,0.734,0.426,0.366,0.36,0.695,0.047
Junction_E,02-01-2025 13:00,312,20.4,62,39,0,Rainy,Weekday,0,Poor,30.3,0,0.149,0.296,0.55,0.822,0.777,0.482,0.771,0.774,0.975,0.177,0.442,0.127,0.906,0.723,0.711,0.312,0.851,0.625,0.267,0.431,0.042,0.533,0.665,0.623,0.143,0.306,0.774,0.143,0.292,0.163,0.048,0.875,0.576,0.662,0.288,0.756,0.939,0.344,0.161
Junction_A,02-01-2025 14:00,301,19.39,147,35,0,Rainy,Weekday,0,Good,42.48,0,0.695,0.918,0.9,0.809,0.205,0.362,0.427,0.853,0.17,0.294,0.797,0.126,0.835,0.773,0.234,0.725,0.346,0.938,0.911,0.511,0.207,0.471,0.105,0.971,0.764,0.593,0.656,0.509,0.875,0.674,0.563,0.415,0.164,0.817,0.16,0.964,0.534,0.694,0.198
Junction_B,02-01-2025 15:00,193,25.01,94,23,0,Rainy,Weekday,0,Good,97.27,0,0.746,0.111,0.404,0.884,0.726,0.949,0.206,0.542,0.898,0.115,0.724,0.813,0.197,0.715,0.749,0.796,0.035,0.68,0.436,0.141,0.925,0.981,0.672,0.559,0.79,0.538,0.472,0.83,0.772,0.133,0.648,0.403,0.125,0.128,0.282,0.115,0.596,0.884,0.09
Junction_D,02-01-2025 16:00,395,42.95,175,94,0,Cloudy,Weekend,0,Average,30.38,1,0.982,0.76,0.321,0.7,0.62,0.632,0.8,0.758,0.777,0.942,0.69,0.924,0.441,0.579,0.918,0.833,0.746,0.57,0.129,0.425,0.366,0.74,0.635,0.336,0.639,0.005,0.572,0.35,0.418,0.806,0.21,0.036,0.027,0.859,0.233,0.314,0.031,0.472,0.005
Junction_A,02-01-2025 17:00,161,52.88,40,5,0,Foggy,Weekend,0,Good,110.95,0,0.21,0.988,0.75,0.104,0.896,0.13,0.334,0.307,0.076,0.784,0.341,0.461,0.199,0.015,0.108,0.986,0.802,0.61,0.742,0.342,0.104,0.118,0.806,0.519,0.853,0.072,0.046,0.425,0.748,0.99,0.145,0.551,0.012,0.595,0.734,0.81,0.17,0.383,0.009
Junction_D,02-01-2025 18:00,109,49.61,114,65,0,Clear,Weekday,0,Poor,56.7,0,0.825,0.901,0.413,0.399,0.847,0.56,0.865,0.415,0.987,0.462,0.805,0.499,0.264,0.36,0.233,0.791,0.161,0.942,0.643,0.183,0.702,0.757,0.825,0.979,0.737,0.29,0.624,0.128,0.961,0.377,0.904,0.709,0.88,0.335,0.031,0.266,0.633,0.251,0.045
Junction_B,02-01-2025 19:00,418,26.8,55,83,0,Cloudy,Weekend,0,Good,19.57,0,0.52,0.652,0.646,0.723,0.315,0.781,0.915,0.713,0.271,0.865,0.052,0.318,0.504,0.605,0.75,0.601,0.537,0.788,0.316,0.007,0.299,0.095,0.868,0.696,0.882,0.882,0.626,0.123,0.459,0.445,0.969,0.114,0.045,0.816,0.617,0.215,0.42,0.604,0.03
Junction_B,02-01-2025 20:00,51,67.29,92,91,0,Foggy,Weekday,0,Poor,99.73,1,0.373,0.314,0.646,0.28,0.276,0.708,0.86,0.386,0.099,0.249,0.16,0.894,0.068,0.387,0.275,0.339,0.192,0.024,0.622,0.467,0.269,0.027,0.414,0.672,0.434,0.147,0.891,0.62,0.238,0.046,0.992,0.305,0.731,0.803,0.761,0.825,0.508,0.88,0.012
Junction_A,02-01-2025 21:00,434,54.27,115,74,0,Foggy,Weekend,0,Good,51.09,0,0.122,0.254,0.888,0.687,0.982,0.172,0.035,0.589,0.829,0.717,0.336,0.645,0.218,0.863,0.625,0.545,0.719,0.534,0.22,0.686,0.998,0.404,0.698,0.241,0.748,0.711,0.506,0.676,0.942,0.014,0.79,0.781,0.872,0.846,0.481,0.987,0.063,0.325,0.035
Junction_B,02-01-2025 22:00,353,43.26,88,3,0,Clear,Weekday,0,Good,67.91,0,0.736,0.819,0.599,0.024,0.527,0.972,0.787,0.185,0.707,0.856,0.077,0.288,0.935,0.309,0.081,0.041,0.272,0.688,0.445,0.226,0.858,0.994,0.268,0.744,1,0.973,0.077,0.777,0.604,0.921,0.664,0.366,0.098,0.116,0.932,0.557,0.834,0.396,0.077
Junction_E,02-01-2025 23:00,303,46.7,56,78,0,Clear,Weekday,1,Good,22.35,0,0.236,0.88,0.502,0.306,0.906,0.449,0.411,0.6,0.617,0.357,0.235,0.299,0.466,0.294,0.452,0.745,0.316,0.749,0.899,0.132,0.408,0.175,0.999,0.75,0.725,0.791,0.306,0.557,0.105,0.129,0.346,0.242,0.436,0.969,0.708,0.278,0.785,0.407,0.376
Junction_B,03-01-2025 00:00,189,35.18,127,5,0,Clear,Weekend,0,Good,10.28,0,0.371,0.525,0.139,0.549,0.164,0.159,0.874,0.862,0.156,0.757,0.83,0.891,0.445,0.266,0.739,0.446,0.845,0.213,0.134,0.887,0.98,0.673,0.175,0.317,0.114,0.243,0.656,0.646,0.573,0.446,0.171,0.672,0.962,0.96,0.748,0.399,0.185,0.561,0.021
Junction_D,03-01-2025 01:00,86,24.86,134,93,0,Rainy,Weekday,0,Poor,80.18,0,0.063,0.244,0.116,0.632,0.643,0.18,0.638,0.869,0.478,0.295,0.948,0.014,0.015,0.333,0.687,0.02,0.476,0.867,0.387,0.275,0.65,0.173,0.01,0.484,0.518,0.908,0.239,0.014,0.501,0.815,0.079,0.197,0.834,0.357,0.197,0.17,0.634,0.228,0.076
Junction_D,03-01-2025 02:00,209,31.36,128,50,0,Clear,Weekend,1,Poor,66.67,1,0.801,0.113,0.154,0.577,0.81,0.098,0.834,0.724,0.781,0.299,0.305,0.323,0.247,0.557,0.815,0.063,0.67,0.956,0.821,0.224,0.742,0.725,0.149,0.295,0.587,0.093,0.281,0.162,0.856,0.889,0.693,0.896,0.49,0.066,0.777,0.762,0.818,0.822,0.06
Junction_D,03-01-2025 03:00,58,55.47,158,61,0,Foggy,Weekend,0,Average,75.29,0,0.767,0.087,0.172,0.698,0.947,0.804,0.499,0.746,0.304,0.107,0.265,0.554,0.866,0.707,0.877,0.387,0.402,0.237,0.969,0.857,0.032,0.505,0.776,0.259,0.174,0.468,0.82,0.985,0.531,0.519,0.785,0.106,0.763,0.167,0.832,0.773,0.641,0.296,0.12
Junction_D,03-01-2025 04:00,282,10.86,178,56,0,Clear,Weekday,1,Poor,97.31,0,0.734,0.719,0.638,0.006,0.337,0.122,0.535,0.558,0.312,0.44,0.28,0.148,0.165,0.663,0.773,0.583,0.298,0.883,0.454,0.817,0.122,0.68,0.447,0.026,0.963,0.888,0.584,0.076,0.255,0.565,0.826,0.707,0.833,0.993,0.361,0.875,0.31,0.705,0.027
Junction_E,03-01-2025 05:00,148,16.96,84,65,0,Foggy,Weekday,0,Good,81.13,0,0.299,0.42,0.741,0.101,0.725,0.125,0.144,0.585,0.003,0.73,0.278,0.092,0.415,0.808,0.672,0.464,0.625,0.097,0.507,0.448,0.633,0.203,0.448,0.285,0.176,0.641,0.509,0.679,0.676,0.67,0.914,0.5,0.348,0.563,0.213,0.027,0.656,0.513,0.182
Junction_C,03-01-2025 06:00,196,12.76,35,78,0,Cloudy,Weekend,0,Average,29.23,0,0.173,0.905,0.53,0.869,0.539,0.85,0.784,0.134,0.174,0.94,0.036,0.815,0.014,0.886,0.032,0.619,0.155,0.056,0.572,0.489,0.899,0.746,0.955,0.554,0.178,0.414,0.318,0.176,0.543,0.961,0.88,0.87,0.892,0.357,0.385,0.562,0.21,0.586,0.034
Junction_A,03-01-2025 07:00,353,12.44,124,74,0,Rainy,Weekday,0,Average,49.68,0,0.638,0.74,0.829,0.682,0.061,0.345,0.419,0.444,0.875,0.604,0.927,0.894,0.478,0.816,0.535,0.48,0.373,0.129,0.932,0.218,0.624,0.996,0.92,0.002,0.915,0.293,0.731,0.717,0.233,0.603,1,0.126,0.47,0.288,0.74,0.214,0.318,0.18,0.108
Junction_D,03-01-2025 08:00,257,61.33,162,7,0,Cloudy,Weekday,0,Average,109.65,0,0.496,0.191,0.991,0.113,0.69,0.031,0.5,0.451,0.442,0.863,0.214,0.824,0.021,0.019,0.038,0.662,0.209,0.058,0.858,0.078,0.134,0.666,0.311,0.283,0.465,0.375,0.288,0.706,0.574,0.559,0.244,0.678,0.528,0.257,0.418,0.341,0.24,0.735,0.01
Junction_B,03-01-2025 09:00,180,52.22,131,25,0,Cloudy,Weekday,0,Good,94.69,0,0.178,0.614,0.82,0.842,0.69,0.052,0.785,0.958,0.984,0.822,0.42,0.899,0.82,0.736,0.808,0.219,0.696,0.845,0.171,0.573,0.116,0.493,0.209,0.881,0.063,0.509,0.737,0.234,0.822,0.015,0.763,0.572,1,0.664,0.737,0.785,0.557,0.189,0.025
Junction_D,03-01-2025 10:00,453,38.45,32,50,0,Foggy,Weekday,0,Poor,71.23,0,0.686,0.436,0.695,0.242,0.931,0.142,0.599,0.431,0.396,0.173,0.01,0.553,0.825,0.208,0.321,0.113,0.944,0.059,0.437,0.098,0.844,0.923,0.848,0.594,0.598,0.319,0.07,0.27,0.029,0.081,0.586,0.48,0.843,0.419,0.114,0.192,0.108,0.113,0.018
Junction_B,03-01-2025 11:00,201,15.87,52,44,0,Cloudy,Weekday,0,Good,38.12,0,0.991,0.577,0.532,0.478,0.497,0.213,0.201,0.549,0.715,0.486,0.858,0.812,0.788,0.133,0.562,0.596,0.996,0.272,0.464,0.449,0.139,0.016,0.906,0.608,0.602,0.969,0.865,0.655,0.631,0.577,0.261,0.491,0.362,0.965,0.806,0.638,0.933,0.547,0.509
Junction_B,03-01-2025 12:00,103,39.5,82,43,0,Foggy,Weekend,0,Average,43.23,0,0.747,0.738,0.449,0.145,0.23,0.665,0.59,0.533,0.282,0.117,0.731,0.384,0.283,0.638,0.279,0.485,0.45,0.104,0.789,0.94,0.52,0.73,0.542,0.403,0.065,0.933,0.5,0.39,0.35,0.936,0.982,0.722,0.01,0.684,0.253,0.655,0.334,0.709,0.088
Junction_D,03-01-2025 13:00,169,38.41,112,4,0,Clear,Weekend,0,Good,90.52,0,0.74,0.806,0.084,0.71,0.045,0.157,0.408,0.637,0.364,0.682,0.947,0.666,0.837,0.32,0.783,0.027,0.253,0.295,0.603,0.953,0.037,0.889,0.629,0.676,0.973,0.871,0.439,0.195,0.293,0.867,0.898,0.938,0.626,0.792,0.249,0.954,0.219,0.05,0.032
Junction_E,03-01-2025 14:00,210,20.39,174,69,0,Clear,Weekday,0,Good,103.63,1,0.95,0.844,0.399,0.667,0.416,0.119,0.47,0.748,0.191,0.95,0.782,0.989,0.543,0.057,0.887,0.38,0.443,0.091,0.654,0.239,0.081,0.062,0.257,0.19,0.544,0.422,0.611,0.732,0.393,0.983,0.129,0.091,0.704,0.293,0.59,0.775,0.497,0.069,0.036
Junction_B,03-01-2025 15:00,457,36.03,114,25,0,Foggy,Weekday,0,Poor,83.86,0,0.203,0.254,0.91,0.211,0.302,0.765,0.028,0.225,0.347,0.137,0.314,0.226,0.374,0.138,0.399,0.106,0.847,0.668,0.998,0.624,0.672,0.45,0.801,0.819,0.56,0.691,0.624,0.154,0.342,0.528,0.026,0.02,0.651,0.079,0.07,0.804,0.277,0.803,0.081
Junction_B,03-01-2025 16:00,165,33.91,107,67,0,Clear,Weekday,0,Poor,99.05,0,0.566,0.031,0.808,0.863,0.761,0.671,0.21,0.529,0.547,0.734,0.248,0.39,0.625,0.001,0.863,0.531,0.206,0.133,0.075,0.474,0.689,0.205,0.632,0.117,0.52,0.903,0.132,0.856,0.832,0.788,0.688,0.806,0.968,0.488,0.026,0.532,0.535,0.809,0.074
Junction_D,03-01-2025 17:00,124,46.95,139,18,0,Rainy,Weekend,0,Average,94.33,1,0.98,0.739,0.216,0.401,0.354,0.435,0.281,0.826,0.992,0.632,0.698,0.48,0.012,0.903,0.267,0.396,0.952,0.852,0.223,0.876,0.341,0.567,0.504,0.656,0.611,0.85,0.756,0.515,0.275,0.84,0.604,0.108,0.863,0.315,0.261,0.187,0.349,0.245,0.054
Junction_B,03-01-2025 18:00,162,48.11,30,83,0,Cloudy,Weekday,0,Good,26.47,0,0.165,0.106,0.467,0.293,0.949,0.549,0.713,0.463,0.664,0.584,0.364,0.138,0.143,0.025,0.535,0.613,0.342,0.817,0.408,0.271,0.216,0.65,0.06,0.341,0.264,0.414,0.276,0.106,0.733,0.648,0.936,0.987,0.449,0.202,0.538,0.426,0.132,0.615,0.03
Junction_B,03-01-2025 19:00,469,12.72,80,96,0,Rainy,Weekend,0,Good,56.63,1,0.7,0.315,0.817,0.152,0.962,0.312,0.011,0.278,0.199,0.39,0.566,0.081,0.742,0.209,0.859,0.806,0.986,0.014,0.348,0.004,0.814,0.303,0.916,0.748,0.287,0.112,0.905,0.694,0.094,0.339,0.234,0.619,0.063,0.953,0.908,0.549,0.266,0.443,0.139
Junction_D,03-01-2025 20:00,471,32.48,33,19,0,Cloudy,Weekend,0,Poor,26.83,0,0.586,0.004,0.067,0.266,0.621,0.483,0.409,0.655,0.045,0.355,0.006,0.83,0.244,0.416,0.326,0.3,0.839,0.896,0.022,0.163,0.217,0.46,0.615,0.55,0.511,0.076,0.818,0.519,0.951,0.47,0.084,0.651,0.476,0.444,0.846,0.678,0.438,0.633,0.201
Junction_D,03-01-2025 21:00,153,47.55,142,11,1,Clear,Weekend,0,Good,35.88,1,0.586,0.682,0.387,0.022,0.929,0.507,0.924,0.824,0.126,0.045,0.062,0.977,0.598,0.357,0.954,0.962,0.809,0.029,0.092,0.35,0.542,0.279,0.193,0.452,0.807,0.577,0.346,0.298,0.622,0.858,0.259,0.199,0.689,0.175,0.49,0.608,0.03,0.863,0.002
Junction_A,03-01-2025 22:00,389,40.19,61,46,0,Rainy,Weekday,0,Good,105.62,0,0.698,0.167,0.852,0.583,0.761,0.387,0.112,0.063,0.563,0.218,0.535,0.405,0.385,0.912,0.122,0.536,0.318,0.24,0.681,0.316,0.968,0.369,0.606,0.169,0.05,0.643,0.808,0.423,0.707,0.299,0.019,0.24,0.608,0.199,0.037,0.394,0.771,0.08,0.082
Junction_E,03-01-2025 23:00,303,61.39,63,0,0,Clear,Weekend,0,Good,62.02,0,0.93,0.655,0.404,0.842,0.547,0.907,0.516,0.777,0.765,0.015,0.566,0.088,0.855,0.04,0.018,0.618,0.009,0.032,0.879,0.791,0.148,0.16,0.677,0.637,0.603,0.85,0.356,0.298,0.298,0.924,0.036,0.659,0.538,0.281,0.535,0.265,0.622,0.778,0.145
Junction_E,04-01-2025 00:00,276,49.52,121,89,0,Cloudy,Weekday,0,Poor,68.89,0,0.783,0.992,0.078,0.549,0.18,0.016,0.787,0.822,0.94,0.581,0.751,0.066,0.952,0.512,0.904,0.681,0.382,0.336,0.514,0.681,0.941,0.886,0.526,0.975,0.807,0.293,0.101,0.263,0.412,0.23,0.915,0.91,0.469,0.999,0.705,0.168,0.601,0.493,0.055
Junction_B,04-01-2025 01:00,161,19.78,124,13,0,Foggy,Weekend,0,Average,29.63,1,0.056,0.073,0.543,0.219,0.459,0.782,0.943,0.462,0.016,0.106,0.132,0.891,0.884,0.68,0.069,0.667,0.302,0.514,0.539,0.3,0.183,0.01,0.718,0.826,0.157,0.167,0.962,0.164,0.224,0.75,0.352,0.982,0.294,0.268,0.339,0.694,0.546,0.564,0.023
Junction_E,04-01-2025 02:00,148,14.23,101,63,0,Foggy,Weekday,1,Average,44.35,1,0.853,0.077,0.862,0.034,0.561,0.124,0.747,0.983,0.523,0.873,0.513,0.464,0.271,0.932,0.992,0.511,0.037,0.797,0.255,0.458,0.567,0.882,0.581,0.06,0.015,0.379,0.653,0.363,0.933,0.631,0.411,0.198,0.277,0.329,0.111,0.645,0.59,0.654,0.094
Junction_B,04-01-2025 03:00,202,48.55,68,37,0,Rainy,Weekend,1,Good,35.33,0,0.226,0.34,0.59,0.215,0.864,0.798,0.721,0.787,0.471,0.523,0.194,0.32,0.194,0.62,0.951,0.429,0.505,0.338,0.768,0.096,0.377,0.572,0.948,0.376,0.313,0.354,0.456,0.251,0.488,0.75,0.018,0.134,0.5,0.659,0.279,0.687,0.935,0.923,0.184
Junction_A,04-01-2025 04:00,398,11.59,147,36,0,Clear,Weekday,0,Average,32.68,0,0.377,0.866,0.226,0.416,0.481,0.616,0.826,0.774,0.656,0.7,0.093,0.476,0.474,0.804,0.137,0.054,0.403,0.705,0.752,0.898,0.965,0.332,0.054,0.926,0.588,0.132,0.398,0.683,0.63,0.437,0.271,0.056,0.161,0.294,0.772,0.373,0.009,0.057,0.001
Junction_D,04-01-2025 05:00,451,45.15,32,10,0,Clear,Weekend,0,Poor,80.18,1,0.462,0.216,0.384,0.76,0.898,0.843,0.446,0.748,0.56,0.411,0.41,0.318,0.007,0.084,0.538,0.022,0.635,0.188,0.588,0.935,0.274,0.723,0.106,0.503,0.138,0.672,0.325,0.684,0.734,0.933,0.805,0.868,0.341,0.216,0.351,0.262,0.048,0.029,0.009
Junction_D,04-01-2025 06:00,433,66.41,152,99,0,Rainy,Weekday,0,Poor,38.26,0,0.481,0.36,0.45,0.188,0.674,0.098,0.806,0.151,0.687,0.561,0.163,0.489,0.026,0.386,0.185,0.358,0.621,0.751,0.213,0.98,0.4,0.508,0.174,0.662,0.426,0.509,0.981,0.502,0.371,0.632,0.615,0.295,0.324,0.159,0.812,0.76,0.191,0.178,0.025
Junction_D,04-01-2025 07:00,415,44.53,79,76,0,Foggy,Weekday,0,Average,79.52,1,0.435,0.069,0.579,0.72,0.137,0.559,0.008,0.217,0.658,0.943,0.222,0.86,0.553,0.374,0.428,0.334,0.121,0.236,0.097,0.869,0.983,0.499,0.69,0.913,0.552,0.721,0.135,0.778,0.72,0.288,0.754,0.002,0.587,0.313,0.32,0.774,0.167,0.986,0.056
Junction_E,04-01-2025 08:00,387,33.29,41,2,0,Cloudy,Weekday,0,Average,16.43,1,0.937,0.763,0.759,0.867,0.995,0.501,0.925,0.464,0.117,0.083,0.318,0.592,0.52,0.886,0.061,0.388,0.977,0.144,0.064,0.174,0.536,0.11,0.646,0.874,0.599,0.353,0.315,0.841,0.676,0.638,0.447,0.224,0.067,0.106,0.164,0.456,0.181,0.715,0.012
Junction_A,04-01-2025 09:00,243,48.6,83,32,0,Rainy,Weekday,0,Good,25.6,0,0.706,0.408,0.099,0.454,0.527,0.706,0.443,0.264,0.8,0.254,0.259,0.695,0.995,0.151,0.224,0.138,0.187,0.185,0.593,0.046,0.503,0.39,0.892,0.502,0.274,0.326,0.485,0.58,0.706,0.287,0.31,0.34,0.83,0.019,0.436,0.612,0.672,0.615,0.294
Junction_E,04-01-2025 10:00,359,37.5,162,5,0,Cloudy,Weekend,0,Average,40.2,0,0.631,0.759,0.89,0.821,0.392,0.534,0.553,0.415,0.123,0.78,0.088,0.365,0.202,0.152,0.363,0.738,0.445,0.182,0.825,0.58,0.258,0.241,0.733,0.438,0.4,0.473,0.478,0.619,0.489,0.294,0.483,0.991,0.562,0.805,0.452,0.374,0.459,0.047,0.136
Junction_E,04-01-2025 11:00,212,42.74,86,49,0,Foggy,Weekend,0,Good,75.68,0,0.05,0.904,0.012,0.555,0.659,0.541,0.255,0.888,0.699,0.099,0.09,0.739,0.258,0.329,0.439,0.857,0.488,0.513,0.858,0.913,0.701,0.016,0.508,0.34,0.778,0.877,0.471,0.283,0.383,0.4,0.323,0.524,0.671,0.138,0.016,0.702,0.992,0.879,0.273
Junction_A,04-01-2025 12:00,257,66.49,174,9,0,Clear,Weekday,0,Good,84.34,0,0.904,0.233,0.37,0.637,0.109,0.43,0.743,0.824,0.416,0.076,0.193,0.667,0.114,0.054,0.977,0.939,0.813,0.845,0.464,0.177,0.014,0.36,0.992,0.719,0.941,0.04,0.176,0.895,0.222,0.852,0.839,0.205,0.703,0.776,0.117,0.836,0.227,0.813,0.017
Junction_A,04-01-2025 13:00,494,33.17,141,4,0,Foggy,Weekend,0,Poor,58.7,1,0.909,0.807,0.027,0.526,0.637,0.309,0.077,0.63,0.514,0.362,0.051,0.12,0.918,0.182,0.808,0.492,0.099,0.08,0.784,0.007,0.05,0.09,0.266,0.287,0.862,0.805,0.145,0.024,0.825,0.5,0.298,0.335,0.291,0.798,0.185,0.688,0.311,0.665,0.147
Junction_A,04-01-2025 14:00,218,67.67,76,22,0,Rainy,Weekday,0,Poor,59.04,0,0.78,0.059,0.393,0.463,0.498,0.482,0.873,0.858,0.903,0.092,0.626,0.573,0.778,0.965,0.737,0.701,0.429,0.707,0.947,0.805,0.599,0.257,0.833,0.25,0.564,0.369,0.255,0.349,0.608,0.679,0.66,0.33,0.47,0.538,0.114,0.513,0.984,0.339,0.063
Junction_A,04-01-2025 15:00,210,64.32,114,9,0,Clear,Weekday,0,Poor,89.7,1,0.007,0.899,0.526,0.235,0.407,0.118,0.828,0.784,0.89,0.585,0.287,0.257,0.822,0.428,0.537,0.856,0.629,0.654,0.275,0.077,0.342,0.093,0.427,0.356,0.41,0.855,0.915,0.722,0.444,0.392,0.137,0.02,0.956,0.31,0.342,0.459,0.832,0.071,0.036
Junction_D,04-01-2025 16:00,117,21.75,171,43,0,Rainy,Weekend,0,Poor,11.74,0,0.057,0.651,0.512,0.303,0.953,0.962,0.216,0.429,0.818,0.226,0.28,0.804,0.903,0.632,0.84,0.418,0.215,0.873,0.398,0.414,0.953,0.101,0.649,0.177,0.333,0.802,0.113,0.08,0.944,0.264,0.687,0.135,0.767,0.145,0.965,0.642,0.47,0.58,0.332
Junction_C,04-01-2025 17:00,338,14.16,95,1,0,Rainy,Weekday,1,Average,47.52,1,0.225,0.874,0.166,0.29,0.523,0.714,0.809,0.201,0.51,0.896,0.332,0.426,0.525,0.726,0.339,0.309,0.627,0.244,0.931,0.679,0.903,0.199,0.727,0.695,0.125,0.349,0.757,0.183,0.048,0.955,0.913,0.695,0.97,0.737,0.509,0.68,0.555,0.72,0.064
Junction_C,04-01-2025 18:00,447,16.05,104,12,0,Foggy,Weekday,0,Poor,100.06,0,0.131,0,0.646,0.563,0.219,0.952,0.786,0.514,0.736,0.784,0.663,0.995,0.451,0.367,0.709,0.937,0.924,0.45,0.338,0.237,0.714,1,0.634,0.616,0.107,0.694,0.758,0.589,0.85,0.604,0.609,0.12,0.746,0.601,0.628,0.559,0.843,0.094,0.03
Junction_A,04-01-2025 19:00,326,11.09,132,39,0,Rainy,Weekend,0,Average,76.35,0,0.399,0.169,0.045,0.12,0.459,0.227,0.632,0.736,0.513,0.7,0.871,0.093,0.33,0.147,0.994,0.516,0.998,0.926,0.914,0.084,0.818,0.002,0.141,0.483,0.688,0.16,0.81,0.56,0.998,0.934,0.56,0.231,0.176,0.655,0.356,0.625,0.481,0.634,0.064
Junction_C,04-01-2025 20:00,353,15.67,67,1,0,Foggy,Weekday,0,Poor,47.09,0,0.923,0.39,0.762,0.917,0.919,0.879,0.374,0.436,0.87,0.617,0.759,0.78,0.589,0.207,0.315,0.497,0.032,0.66,0.981,0.77,0.667,0.639,0.443,0.39,0.26,0.896,0.887,0.739,0.887,0.203,0.961,0.351,0.065,0.009,0.323,0.097,0.206,0.286,0.078
Junction_C,04-01-2025 21:00,453,50.98,79,83,0,Clear,Weekday,0,Average,109.61,1,0.472,0.38,0.947,0.721,0.176,0.809,0.271,0.667,0.403,0.863,0.728,0.674,0.454,0.313,0.674,0.178,0.236,0.389,0.662,0.63,0.126,0.141,0.561,0.909,0.255,0.404,0.263,0.813,0.81,0.147,0.627,0.758,0.578,0.928,0.023,0.952,0.828,0.764,0.052
Junction_A,04-01-2025 22:00,433,14.27,127,64,0,Foggy,Weekday,1,Good,94.99,0,0.013,0.227,0.34,0.401,0.214,0.677,0.232,0.094,0.97,0.223,0.484,0.767,0.452,0.636,0.844,0.108,0.31,0.131,0.817,0.988,0.766,0.921,0.849,0.029,0.998,0.456,0.225,0.129,0.374,0.856,0.26,0.582,0.358,0.066,0.5,0.791,0.538,0.54,0.086
Junction_C,04-01-2025 23:00,441,29.14,111,62,0,Clear,Weekday,0,Average,39.14,1,0.283,0.382,0.517,0.159,0.013,0.625,0.319,0.748,0.932,0.873,0.694,0.308,0.937,0.398,0.916,0.842,0.399,0.262,0.75,0.344,0.21,0.094,0.444,0.769,0.188,0.706,0.466,0.018,0.231,0.681,0.292,0.689,0.275,0.367,0.484,0.374,0.153,0.129,0.07
Junction_E,05-01-2025 00:00,184,60.69,59,72,0,Foggy,Weekend,0,Average,80.98,0,0.045,0.129,0.379,0.882,0.014,0.317,0.904,0.813,0.742,0.789,0.553,0.492,0.984,0.007,0.718,0.614,0.242,0.581,0.7,0.062,0.323,0.955,0.919,0.902,0.148,0.821,0.265,0.69,0.735,0.187,0.705,0.567,0.807,0.403,0.158,0.563,0.506,0.527,0.016
Junction_B,05-01-2025 01:00,244,11.4,108,16,0,Cloudy,Weekend,0,Poor,75.53,0,0.036,0.413,0.007,0.824,0.829,0.816,0.078,0.707,0.279,0.748,0.216,0.797,0.796,0.523,0.284,0.326,0.203,0.718,0.307,0.734,0.819,0.611,0.44,0.446,0.099,0.236,0.734,0.301,0.305,0.269,0.735,0.684,0.367,0.001,0.764,0.047,0.413,0.396,0.141
Junction_B,05-01-2025 02:00,450,58.87,120,8,0,Cloudy,Weekend,1,Average,54.13,0,0.276,0.802,0.386,0.722,0.732,0.502,0.829,0.967,0.132,0.561,0.209,0.233,0.757,0.922,0.326,0.192,0.955,0.124,0.057,0.522,0.537,0.001,0.549,0.551,0.58,0.661,0.636,0.626,0.176,0.801,0.303,0.003,0.317,0.497,0.493,0.041,0.877,0.18,0.082
Junction_A,05-01-2025 03:00,177,26.91,81,74,0,Rainy,Weekday,1,Good,50.37,0,0.276,0.479,0.792,0.272,0.355,0.071,0.349,0.827,0.855,0.246,0.296,0.226,0.681,0.812,0.021,0.555,0.919,0.6,0.343,0.213,0.86,0.894,0.796,0.944,0.628,0.392,0.875,0.151,0.787,0.454,0.345,0.931,0.85,0.753,0.339,0.251,0.126,0.842,0.048
Junction_D,05-01-2025 04:00,82,17.09,108,14,0,Foggy,Weekday,0,Good,47.79,0,0.787,0.018,0.596,0.402,0.698,0.313,0.522,0.903,0.165,0.424,0.911,0.551,0.166,0.825,0.761,0.584,0.047,0.55,0.667,0.782,0.213,0.522,0.583,0.212,0.365,0.369,0.083,0.469,0.313,0.671,0.991,0.111,0.846,0.823,0.147,0.69,0.875,0.011,0.252
Junction_A,05-01-2025 05:00,225,51.8,59,23,1,Foggy,Weekend,0,Poor,77.89,1,0.975,0.421,0.101,0.103,0.395,0.935,0.794,0.934,0.854,0.794,0.547,0.524,0.059,0.795,0.043,0.207,0.339,0.514,0.103,0.204,0.608,0.263,0.96,0.52,0.535,0.69,0.915,0.504,0.914,0.318,0.102,0.406,0.356,0.879,0.552,0.852,0.512,0.312,0.037
Junction_D,05-01-2025 06:00,492,47.74,135,37,0,Clear,Weekday,0,Good,58.67,1,0.371,0.027,0.847,0.189,0.953,0.851,0.884,0.801,0.491,0.032,0.734,0.282,0.691,0.324,0.865,0.851,0.405,0.69,0.012,0.261,0.084,0.767,0.66,0.475,0.788,0.387,0.293,0.585,0.841,0.381,0.405,0.771,0.832,0.488,0.753,0.559,0.404,0.013,0.024
Junction_B,05-01-2025 07:00,420,62.65,80,34,0,Rainy,Weekday,0,Average,101.5,1,0.429,0.966,0.531,0.783,0.967,0.982,0.345,0.674,0.407,0.782,0.347,0.298,0.729,0.765,0.119,0.084,0.239,0.837,0.14,0.093,0.643,0.927,0.523,0.258,0.818,0.346,0.491,0.513,0.848,0.991,0.062,0.435,0.851,0.631,0.282,0.532,0.162,0.096,0.016
Junction_A,05-01-2025 08:00,424,54.1,110,93,0,Foggy,Weekday,0,Good,83.66,1,0.845,0.127,0.842,0.715,0.393,0.628,0.462,0.006,0.903,0.24,0.408,0.278,0.047,0.143,0.172,0.356,0.629,0.323,0.716,0.399,0.763,0.484,0.024,0.819,0.958,0.836,0.439,0.496,0.772,0.248,0.821,0.947,0.424,0.08,0.219,0.402,0.701,0.297,0.114
Junction_E,05-01-2025 09:00,71,58.21,162,94,0,Rainy,Weekday,0,Poor,17.69,0,0.268,0.708,0.58,0.593,0.854,0.248,0.415,0.466,0.604,0.144,0.126,0.772,0.928,0.658,0.477,0.68,0.64,0.889,0.973,0.419,0.585,0.316,0.414,0.9,0.824,0.101,0.76,0.333,0.881,0.506,0.092,0.468,0.066,0.488,0.522,0.162,0.927,0.054,0.462
Junction_C,05-01-2025 10:00,287,26.92,58,48,0,Cloudy,Weekend,0,Average,80.42,0,0.156,0.973,0.56,0.896,0.773,0.163,0.013,0.571,0.577,0.116,0.171,0.652,0.091,0.642,0.738,0.274,0.851,0.161,0.983,0.515,0.266,0.789,0.299,0.782,0.565,0.676,0.42,0.071,0.806,0.844,0.674,0.875,0.002,0.155,0.155,0.118,0.375,0.597,0.122
Junction_D,05-01-2025 11:00,207,20.65,161,68,0,Foggy,Weekend,0,Poor,39.83,0,0.853,0.826,0.105,0.583,0.31,0.187,0.296,0.304,0.559,0.027,0.827,0.832,0.286,0.026,0.139,0.828,0.741,0.173,0.494,0.709,0.031,0.682,0.748,0.195,0.18,0.249,0.944,0.09,0.603,0.239,0.056,0.811,0.523,0.37,0.667,0.761,0.242,0.087,0.114
Junction_C,05-01-2025 12:00,87,55.04,167,61,0,Foggy,Weekend,0,Average,75.21,1,0.047,0.699,0.167,0.467,0.232,0.02,0.459,0.318,0.371,0.524,0.585,0.975,0.672,0.788,0.44,0.74,0.543,0.267,0.869,0.906,0.119,0.889,0.208,0.087,0.1,0.015,0.903,0.434,0.296,0.415,0.673,0.981,0.344,0.329,0.605,0.928,0.555,0.702,0.112
Junction_C,05-01-2025 13:00,279,58.41,174,59,0,Rainy,Weekday,0,Good,84.81,0,0.62,0.839,0.972,0.34,0.458,0.391,0.411,0.961,0.786,0.218,0.338,0.474,0.17,0.903,0.483,0.789,0.654,0.12,0.737,0.138,0.622,0.693,0.205,0.605,0.055,0.167,0.872,0.356,0.888,0.615,0.843,0.927,0.997,0.424,0.087,0.458,0.796,0.053,0.137
Junction_A,05-01-2025 14:00,414,69.43,103,49,0,Foggy,Weekend,1,Poor,35.39,0,0.562,0.982,0.228,0.94,0.781,0.191,0.722,0.892,0.253,0.989,0.803,0.067,0.055,0.267,0.212,0.119,0.274,0.23,0.501,0.054,0.934,0.244,0.19,0.057,0.667,0.607,0.071,0.516,0.841,0.481,0.399,0.898,0.772,0.572,0.037,0.659,0.004,0.059,0.001
Junction_C,05-01-2025 15:00,100,34.76,46,77,0,Rainy,Weekend,0,Poor,60.25,0,0.346,0.621,0.977,0.083,0.96,0.412,0.385,0.849,0.939,0.574,0.247,0.048,0.331,0.812,0.116,0.141,0.593,0.106,0.573,0.019,0.207,0.932,0.126,0.673,0.808,0.709,0.854,0.305,0.473,0.46,0.522,0.732,0.761,0.903,0.62,0.914,0.631,0.305,0.193
Junction_E,05-01-2025 16:00,487,32.32,113,74,0,Foggy,Weekday,0,Average,30.94,0,0.315,0.559,0.532,0.931,0.764,0.935,0.489,0.406,0.894,0.138,0.976,0.296,0.766,0.082,0.836,0.286,0.489,0.822,0.137,0.144,0.735,0.105,0.311,0.53,0.509,0.021,0.782,0.688,0.039,0.363,0.402,0.367,0.955,0.394,0.294,0.09,0.597,0.897,0.226
Junction_C,05-01-2025 17:00,313,56.58,98,8,0,Clear,Weekday,0,Poor,15.76,1,0.772,0.628,0.136,0.827,0.855,0.431,0.43,0.014,0.337,0.689,0.345,0.933,0.414,0.6,0.502,0.518,0.133,0.139,0.938,0.658,0.866,0.268,0.886,0.663,0.055,0.036,0.104,0.864,0.639,0.587,0.3,0.106,0.888,0.981,0.086,0.77,0.318,0.641,0.157
Junction_A,05-01-2025 18:00,332,30.45,63,33,0,Rainy,Weekend,0,Average,51.63,1,0.086,0.533,0.099,0.13,0.603,0.878,0.741,0.08,0.729,0.898,0.337,0.523,0.653,0.486,0.014,0.748,0.243,0.747,0.352,0.727,0.521,0.52,0.775,0.59,0.535,0.903,0.107,0.299,0.051,0.624,0.803,0.689,0.318,0.759,0.759,0.617,0.451,0.77,0.067
Junction_E,05-01-2025 19:00,76,65.85,35,75,0,Foggy,Weekend,0,Average,49.92,0,0.237,0.635,0.209,0.565,0.835,0.606,0.863,0.312,0.573,0.745,0.312,0.272,0.58,0.546,0.803,0.837,0.292,0.048,0.446,0.787,0.669,0.566,0.735,0.423,0.936,0.073,0.101,0.193,0.926,0.653,0.272,0.979,0.166,0.511,0.314,0.599,0.247,0.142,0.02
Junction_B,05-01-2025 20:00,275,61.5,82,98,1,Cloudy,Weekend,0,Average,119.5,1,0.732,0.45,0.926,0.867,0.784,0.247,0.532,0.016,0.338,0.076,0.122,0.399,0.022,0.926,0.981,0.704,0.924,0.949,0.672,0.244,0.815,0.015,0.797,0.201,0.598,0.894,0.011,0.116,0.962,0.07,0.723,0.727,0.746,0.644,0.46,0.293,0.79,0.834,0.002
Junction_C,05-01-2025 21:00,326,35.74,155,34,0,Foggy,Weekend,0,Average,59.1,0,0.548,0.218,0.414,0.572,0.377,0.356,0.789,0.017,0.989,0.896,0.111,0.599,0.989,0.871,0.606,0.929,0.23,0.711,0.334,0.306,0.261,0.781,0.269,0.306,0.809,0.228,0.549,0.616,0.189,0.631,0.206,0.929,0.378,0.102,0.237,0.684,0.635,0.008,0.068
Junction_A,05-01-2025 22:00,335,55.05,72,0,0,Cloudy,Weekday,1,Good,46.69,0,0.128,0.12,0.395,0.907,0.552,0.084,0.297,0.917,0.025,0.794,0.648,0.653,0.041,0.785,0.504,0.739,0.289,0.007,0.254,0.483,0.297,0.362,0.887,0.525,0.8,0.74,0.973,0.444,0.676,0.953,0.25,0.804,0.473,0.845,0.627,0.795,0.533,0.213,0.229
Junction_B,05-01-2025 23:00,146,55.27,144,39,1,Cloudy,Weekend,0,Average,73.85,0,0.882,0.068,0.313,0.943,0.805,0.333,0.541,0.706,0.253,0.158,0.875,0.154,0.968,0.274,0.878,0.306,0.369,0.764,0.631,0.063,0.001,0.406,0.137,0.652,0.932,0.31,0.439,0.188,0.092,0.541,0.336,0.163,0.63,0.582,0.301,0.113,0.393,0.616,0.069
Junction_B,06-01-2025 00:00,333,16.19,140,63,0,Clear,Weekend,0,Poor,19.76,0,0.393,0.263,0.147,0.422,0.046,0.678,0.345,0.309,0.52,0.052,0.791,0.977,0.55,0.912,0.953,0.265,0.664,0.514,0.025,0.611,0.963,0.809,0.336,0.779,0.77,0.859,0.541,0.653,0.73,0.715,0.589,0.249,0.908,0.986,0.968,0.534,0.291,0.375,0.159
Junction_D,06-01-2025 01:00,416,64.15,109,21,0,Rainy,Weekday,0,Good,115.78,0,0.828,0.046,0.488,0.377,0.808,0.072,0.414,0.133,0.522,0.557,0.141,0.545,0.963,0.098,0.755,0.696,0.118,0.779,0.721,0.984,0.918,0.379,0.587,0.767,0.748,0.7,0.968,0.148,0.347,0.557,0.454,0.342,0.419,0.636,0.703,0.101,0.823,0.984,0.017
Junction_E,06-01-2025 02:00,497,40.32,124,59,0,Foggy,Weekend,0,Poor,79.85,1,0.788,0.567,0.13,0.936,0.178,0.205,0.732,0.512,0.589,0.156,0.546,0.136,0.115,0.853,0.445,0.193,0.954,0.522,0.514,0.361,0.765,0.047,0.103,0.973,0.234,0.402,0.255,0.554,0.681,0.855,0.745,0.168,0.783,0.834,0.137,0.873,0.451,0.03,0.04
Junction_C,06-01-2025 03:00,366,59.59,147,63,0,Clear,Weekday,0,Good,93.03,0,0.624,0.284,0.835,0.675,0.515,0.381,0.882,0.005,0.752,0.835,0.106,0.894,0.49,0.328,0.592,0.093,0.866,0.641,0.606,0.753,0.079,0.176,0.73,0.286,0.06,0.076,0.858,0.527,0.373,0.93,0.214,0.582,0.268,0.8,0.417,0.508,0.501,0.999,0.013
Junction_A,06-01-2025 04:00,353,29.2,173,92,0,Foggy,Weekday,1,Average,28.75,1,0.494,0.825,0.37,0.116,0.808,0.982,0.121,0.938,0.623,0.358,0.045,0.075,0.17,0.054,0.701,0.532,0.577,0.786,0.632,0.5,0.448,0.956,0.387,0.071,0.518,0.733,0.546,0.734,0.146,0.184,0.011,0.975,0.698,0.345,0.385,0.808,0.521,0.624,0.348
Junction_D,06-01-2025 05:00,196,63.73,37,71,0,Cloudy,Weekday,0,Good,55.04,0,0.98,0.074,0.375,0.042,0.254,0.785,0.635,0.415,0.6,0.913,0.656,0.908,0.051,0.669,0.194,0.822,0.674,0.405,0.527,0.128,0.102,0.07,0.784,0.346,0.124,0.617,0.569,0.055,0.406,0.437,0.777,0.761,0.002,0.26,0.534,0.368,0.448,0.559,0.089
Junction_E,06-01-2025 06:00,53,33.35,161,10,0,Rainy,Weekend,0,Good,56.5,0,0.145,0.226,0.474,0.565,0.246,0.733,0.582,0.402,0.054,0.566,0.535,0.997,0.618,0.231,0.447,0.101,0.017,0.003,0.583,0.582,0.016,0.355,0.493,0.743,0.962,0.003,0.343,0.888,0.113,0.392,0.822,0.423,0.872,0.43,0.842,0.125,0.256,0.06,0.057
Junction_D,06-01-2025 07:00,84,10.65,133,13,0,Foggy,Weekend,0,Poor,100.4,0,0.725,0.73,0.444,0.93,0.403,0.116,0.118,0.391,0.377,0.183,0.082,0.7,0.208,0.244,0.83,0.792,0.339,0.85,0.684,0.3,0.616,0.503,0.181,0.438,0.29,0.009,0.562,0.703,0.577,0.405,0.059,0.005,0.03,0.467,0.583,0.041,0.12,0.273,0.017
Junction_E,06-01-2025 08:00,241,64.32,161,59,0,Foggy,Weekday,0,Poor,10.14,0,0.191,0.599,0.995,0.844,0.895,0.781,0.212,0.069,0.232,0.14,0.035,0.77,0.588,0.306,0.655,0.812,0.796,0.381,0.753,0.034,0.961,0.493,0.735,0.818,0.853,0.809,0.073,0.216,0.041,0.126,0.611,0.313,0.713,0.24,0.062,0.282,0.099,0.925,0.071
Junction_E,06-01-2025 09:00,98,15.48,54,29,0,Cloudy,Weekend,0,Average,43.09,0,0.338,0.064,0.545,0.676,0,0.785,0.311,0.638,0.265,0.576,0.99,0.337,0.112,0.064,0.411,0.482,0.077,0.496,0.727,0.635,0.903,0.004,0.252,0.549,0.388,0.259,0.765,0.183,0.527,0.814,0.378,0.527,0.046,0.895,0.655,0.244,0.757,0.354,0.334
Junction_C,06-01-2025 10:00,66,29.16,125,34,0,Foggy,Weekend,0,Good,117.94,1,0.309,0.877,0.088,0.139,0.901,0.601,0.167,0.733,0.554,0.762,0.03,0.942,0.332,0.177,0.663,0.057,0.282,0.008,0.87,0.859,0.697,0.501,0.491,0.93,0.323,0.636,0.285,0.432,0.886,0.036,0.794,0.324,0.266,0.543,0.008,0.56,0.224,0.662,0.003
Junction_E,06-01-2025 11:00,221,67,122,84,0,Foggy,Weekday,1,Good,62.24,0,0.947,0.877,0.607,0.254,0.154,0.99,0.244,0.676,0.2,0.782,0.445,0.53,0.782,0.005,0.118,0.175,0.585,0.492,0.189,0.345,0.097,0.384,0.076,0.948,0.935,0.454,0.888,0.818,0.838,0.528,0.874,0.111,0.497,0.978,0.78,0.022,0.056,0.999,0.02
Junction_D,06-01-2025 12:00,269,67.04,90,36,0,Cloudy,Weekday,1,Good,52.08,0,0.967,0.33,0.152,0.876,0.99,0.325,0.268,0.138,0.294,0.276,0.505,0.732,0.437,0.445,0.401,0.707,0.256,0.986,0.401,0.39,0.274,0.972,0.618,0.069,0.363,0.863,0.368,0.843,0.883,0.662,0.851,0.443,0.42,0.81,0.667,0.521,0.798,0.263,0.331
Junction_E,06-01-2025 13:00,207,44.41,151,4,0,Clear,Weekend,0,Average,23.18,0,0.183,0.34,0.031,0.183,0.955,0.941,0.336,0.579,0.237,0.204,0.117,0.924,0.628,0.084,0.793,0.712,0.934,0.278,0.948,0.891,0.32,0.159,0.666,0.456,0.39,0.917,0.143,0.52,0.922,0.207,0.777,0.253,0.192,0.556,0.309,0.392,0.154,0.576,0.083
Junction_C,06-01-2025 14:00,95,47.91,80,82,0,Cloudy,Weekday,0,Average,117.16,0,0.022,0.989,0.971,0.278,0.495,0.915,0.749,0.569,0.949,0.017,0.169,0.975,0.647,0.683,0.221,0.898,0.131,0.395,0.397,0.814,0.763,0.354,0.379,0.61,0.106,0.997,0.696,0.861,0.105,0.906,0.269,0.909,0.334,0.947,0.292,0.577,0.625,0.696,0.004
Junction_C,06-01-2025 15:00,422,36.91,176,77,0,Clear,Weekend,0,Average,12.2,0,0.72,0.626,0.774,0.13,0.513,0.011,0.572,0.868,0.945,0.679,0.352,0.833,0.844,0.236,0.186,0.583,0.797,0.687,0.125,0.715,0.802,0.419,0.954,0.256,0.67,0.154,0.165,0.005,0.129,0.839,0.812,0.102,0.728,0.505,0.798,0.702,0.339,0.165,0.13
Junction_D,06-01-2025 16:00,55,27.59,50,25,0,Rainy,Weekend,0,Average,91.09,0,0.418,0.531,0.98,0.676,0.482,0.45,0.986,0.379,0.61,0.077,0.762,0.303,0.325,0.944,0.951,0.124,0.508,0.815,0.525,0.249,0.385,0.391,0.874,0.407,0.289,0.863,0.754,0.035,0.557,0.471,0.533,0.049,0.669,0.887,0.783,0.634,0.126,0.149,0
Junction_B,06-01-2025 17:00,148,29.72,34,61,0,Clear,Weekend,0,Average,94.55,0,0.089,0.838,0.478,0.944,0.635,0.977,0.415,0.371,0.925,0.421,0.507,0.967,0.687,0.871,0.21,0.121,0.75,0.417,0.109,0.91,0.418,0.666,0.708,0.678,0.586,0.266,0.968,0.912,0.894,0.411,0.053,0.005,0.072,0.358,0.352,0.985,0.414,0.456,0.051
Junction_B,06-01-2025 18:00,429,50.35,121,3,0,Clear,Weekend,0,Poor,36.8,0,0.684,0.285,0.532,0.269,0.091,0.103,0.754,0.619,0.786,0.602,0.638,0.628,0.962,0.289,0.261,0.721,0.311,0.31,0.203,0.154,0.045,0.216,0.714,0.227,0.591,0.591,0.78,0.775,0.974,0.237,0.457,0.328,0.747,0.379,0.299,0.138,0.015,0.386,0.003
Junction_E,06-01-2025 19:00,282,55.14,90,88,0,Rainy,Weekday,0,Good,83.87,0,0.545,0.429,0.168,0.475,0.033,0.548,0.871,0.633,0.59,0.937,0.985,0.931,0.73,0.783,0.97,0.184,0.514,0.938,0.998,0.627,0.289,0.221,0.252,0.602,0.719,0.506,0.022,0.451,0.046,0.73,0.942,0.66,0.053,0.418,0.56,0.43,0.841,0.714,0.033
Junction_A,06-01-2025 20:00,86,57.49,51,41,0,Clear,Weekday,0,Good,20.22,0,0.981,0.268,0.247,0.634,0.058,0.979,0.679,0.469,0.006,0.312,0.768,0.676,0.49,0.803,0.735,0.328,0.857,0.677,0.541,0.029,0.451,0.729,0.657,0.697,0.745,0.018,0.6,0.754,0.356,0.132,0.888,0.73,0.543,0.547,0.008,0.425,0.513,0.07,0.137
Junction_E,06-01-2025 21:00,329,57.38,178,88,0,Cloudy,Weekday,0,Good,38.28,0,0.227,0.789,0.839,0.999,0.444,0.555,0.412,0.443,0.773,0.25,0.434,0.307,0.631,0.987,0.7,0.487,0.467,0.119,0.284,0.644,0.117,0.5,0.198,0.09,0.514,0.933,0.695,0.956,0.213,0.68,0.102,0.453,0.26,0.553,0.083,0.417,0.139,0.972,0.056
Junction_D,06-01-2025 22:00,398,15.47,99,17,0,Clear,Weekday,0,Good,96.67,0,0.404,0.573,0.356,0.105,0.276,0.19,0.754,0.494,0.702,0.654,0.446,0.37,0.74,0.598,0.853,0.025,0.36,0.069,0.995,0.277,0.453,0.415,0.144,0.498,0.331,0.078,0.825,0.772,0.756,0.842,0.744,0.684,0.588,0.496,0.126,0.664,0.237,0.014,0.011
Junction_D,06-01-2025 23:00,351,39.67,30,39,0,Rainy,Weekend,0,Good,105.12,1,0.543,0.659,0.827,0.499,0.622,0.582,0.204,0.861,0.615,0.619,0.619,0.55,0.612,0.082,0.116,0.249,0.536,0.484,0.967,0.45,0.853,0.169,0.999,0.263,0.837,0.688,0.056,0.842,0.64,0.228,0.806,0.36,0.261,0.306,0.185,0.49,0.448,0.601,0.044
Junction_D,07-01-2025 00:00,230,13.45,162,71,1,Cloudy,Weekend,0,Good,76.93,0,0.792,0.252,0.709,0.385,0.992,0.204,0.328,0.461,0.76,0.332,0.665,0.79,0.017,0.647,0.706,0.408,0.717,0.22,0.441,0.345,0.581,0.188,0.622,0.724,0.31,0.785,0.48,0.761,0.12,0.866,0.271,0.668,0.985,0.927,0.512,0.517,0.189,0.563,0.046
Junction_D,07-01-2025 01:00,144,42.97,41,38,0,Rainy,Weekday,0,Good,65.75,0,0.549,0.22,0.177,0.866,0.386,0.52,0.547,0.94,0.513,0.928,0.501,0.318,0.195,0.625,0.504,0.28,0.444,0.254,0.26,0.173,0.079,0.011,0.431,0.19,0.508,0.795,0.535,0.168,0.484,0.033,0.472,0.041,0.31,0.589,0.992,0.432,0.269,0.135,0.055
Junction_D,07-01-2025 02:00,148,36.49,119,13,0,Rainy,Weekend,0,Good,27.52,0,0.613,0.488,0.507,0.476,0.574,0.074,0.575,0.504,0.704,0.845,0.645,0.58,0.81,0.638,0.829,0.136,0.939,0.878,0.838,0.622,0.192,0.091,0.288,0.892,0.401,0.135,0.169,0.834,0.685,0.913,0.711,0.391,0.242,0.408,0.653,0.992,0.534,0.151,0.175
Junction_C,07-01-2025 03:00,237,63.26,75,31,0,Foggy,Weekend,0,Poor,16.94,1,0.226,0.738,0.677,0.111,0.416,0.605,0.022,0.949,0.935,0.224,0.024,0.346,0.273,0.307,0.508,0.728,0.295,0.09,0.716,0.882,0.475,0.557,0.604,0.431,0.855,0.448,0.322,0.195,0.779,0.118,0.439,0.791,0.278,0.651,0.061,0.928,0.833,0.793,0.7
Junction_B,07-01-2025 04:00,165,31.05,63,50,1,Foggy,Weekend,0,Good,22.94,0,0.847,0.525,0.235,0.634,0.847,0.517,0.945,0.833,0.376,0.239,0.43,0.816,0.732,0.86,0.62,0.813,0.475,0.715,0.687,0.959,0.361,0.892,0.05,0.198,0.432,0.829,0.44,0.893,0.02,0.646,0.113,0.803,0.896,0.768,0.526,0.308,0.402,0.888,0.018
Junction_D,07-01-2025 05:00,240,17.02,107,37,0,Rainy,Weekday,0,Poor,35.01,0,0.429,0.033,0.831,0.771,0.902,0.74,0.697,0.362,0.708,0.512,0.279,0.467,0.372,0.959,0.478,0.257,0.757,0.271,0.893,0.192,0.359,0.287,0.095,0.438,0.386,0.303,0.833,0.459,0.89,0.25,0.706,0.716,0.636,0.961,0.497,0.112,0.717,0.283,0.154
Junction_A,07-01-2025 06:00,302,18.58,74,96,0,Rainy,Weekday,0,Average,47.58,1,0.141,0.869,0.545,0.003,0.877,0.631,0.496,0.864,0.476,0.774,0.129,0.077,0.522,0.218,0.478,0.774,0.689,0.76,0.689,0.717,0.529,0.328,0.033,0.409,0.69,0.468,0.929,0.677,0.569,0.837,0.912,0.204,0.731,0.5,0.144,0.84,0.877,0.438,0.267
Junction_A,07-01-2025 07:00,465,55.69,102,22,0,Rainy,Weekday,0,Good,51.9,0,0.664,0.065,0.165,0.859,0.974,0.55,0.933,0.11,0.674,0.044,0.1,0.166,0.068,0.088,0.768,0.386,0.864,0.722,0.284,0.664,0.584,0.116,0.499,0.429,0.602,0.273,0.628,0.497,0.812,0.512,0.652,0.247,0.918,0.112,0.92,0.997,0.216,0.355,0.008
Junction_A,07-01-2025 08:00,210,47.09,55,62,0,Foggy,Weekend,0,Average,48.1,0,0.216,0.956,0.583,0.186,0.028,0.69,0.439,0.925,0.763,0.693,0.603,0.061,0.181,0.195,0.629,0.507,0.997,0.007,0.694,0.343,0.797,0.389,0.601,0.586,0.107,0.464,0.395,0.094,0.808,0.135,0.774,0.996,0.912,0.441,0.441,0.293,0.807,0.073,0.271
Junction_A,07-01-2025 09:00,305,16.07,76,14,0,Foggy,Weekday,0,Average,36.3,0,0.098,0.025,1,0.552,0.84,0.144,0.98,0.632,0.045,0.648,0.524,0.499,0.957,0.821,0.633,0.856,0.427,0.509,0.306,0.019,0.341,0.037,0.062,0.521,0.508,0.888,0.254,0.291,0.19,0.571,0.358,0.103,0.739,0.479,0.995,0.358,0.757,0.673,0.011
Junction_C,07-01-2025 10:00,372,15.05,150,96,0,Clear,Weekday,0,Average,66.07,0,0.862,0.694,0.151,0.416,0.752,0.595,0.512,0.054,0.647,0.231,0.254,0.106,0.89,0.677,0.45,0.75,0.111,0.139,0.759,0.69,0.805,0.918,0.721,0.15,0.735,0.455,0.982,0.984,0.11,0.408,0.183,0.181,0.198,0.897,0.42,0.942,0.357,0.825,0.078
Junction_A,07-01-2025 11:00,177,52.06,85,24,0,Clear,Weekday,0,Poor,100.78,1,0.46,0.082,0.817,0.72,0.229,0.172,0.114,0.644,0.227,0.681,0.471,0.114,0.652,0.636,0.531,0.805,0.03,0.866,0.62,0.945,0.339,0.673,0.23,0.066,0.992,0.556,0.983,0.961,0.721,0.661,0.643,0.13,0.843,0.395,0.608,0.711,0.99,0.305,0.14
Junction_D,07-01-2025 12:00,67,14.37,123,16,0,Rainy,Weekday,0,Average,40.77,1,0.749,0.911,0.207,0.371,0.956,0.926,0.765,0.974,0.67,0.94,0.492,0.941,0.46,0.402,0.746,0.137,0.727,0.872,0.077,0.632,0.055,0.991,0.685,0.729,0.629,0.404,0.925,0.32,0.156,0.882,0.328,0.328,0.204,0.953,0.105,0.296,0.263,0.99,0.041
Junction_E,07-01-2025 13:00,330,59.31,136,96,0,Cloudy,Weekday,0,Average,113.66,0,0.291,0.464,0.782,0.87,0.148,0.068,0.679,0.07,0.468,0.047,0.195,0.873,0.676,0.578,0.826,0.07,0.874,0.418,0.513,0.435,0.554,0.883,0.982,0.56,0.37,0.46,0.786,0.996,0.85,0.409,0.86,0.21,0.743,0.485,0.454,0.581,0.255,0.076,0.004
Junction_A,07-01-2025 14:00,272,52.37,92,65,0,Cloudy,Weekday,0,Average,106.07,0,0.787,0.138,0.735,0.73,0.68,0.43,0.773,0.555,0.774,0.32,0.652,0.452,0.619,0.308,0.697,0.893,0.221,0.444,0.343,0.525,0.588,0.473,0.691,0.359,0.226,0.015,0.326,0.846,0.726,0.29,0.123,0.498,0.686,0.974,0.239,0.944,0.772,0.662,0.02
Junction_C,07-01-2025 15:00,103,14.88,77,77,0,Foggy,Weekend,0,Good,27.79,0,0.112,0.341,0.3,0.648,0.225,0.696,0.951,0.748,0.123,0.438,0.781,0.986,0.569,0.477,0.924,0.388,0.158,0.303,0.329,0.2,0.935,0.52,0.883,0.808,0.873,0.284,0.817,0.611,0.842,0.015,0.433,0.476,0.759,0.008,0.836,0.812,0.435,0.448,0.016
Junction_C,07-01-2025 16:00,107,15.09,90,52,0,Foggy,Weekend,0,Good,96.49,0,0.356,0.165,0.326,0.796,0.431,0.458,0.776,0.81,0.626,0.899,0.791,0,0.059,0.793,0.82,0.288,0.062,0.717,0.602,0.751,0.726,0.191,0.948,0.388,0.815,0.437,0.409,0.04,0.299,0.575,0.397,0.902,0.533,0.899,0.784,0.742,0.331,0.447,0.015
Junction_A,07-01-2025 17:00,372,69.2,110,50,0,Foggy,Weekday,0,Poor,73.2,1,0.978,0.171,0.793,0.754,0.719,0.092,0.611,0.414,0.278,0.962,0.602,0.614,0.633,0.981,0.562,0.725,0.823,0.359,0.322,0.746,0.918,0.462,0.487,0.796,0.234,0.634,0.327,0.901,0.317,0.402,0.938,0.035,0.639,0.931,0.824,0.737,0.179,0.458,0.027
Junction_E,07-01-2025 18:00,409,32.46,55,38,0,Rainy,Weekday,0,Poor,72.32,0,0.794,0.948,0.461,0.036,0.563,0.553,0.857,0.204,0.853,0.444,0.512,0.616,0.769,0.932,0.671,0.836,0.311,0.268,0.777,0.146,0.908,0.903,0.702,0.306,0.201,0.45,0.745,0.557,0.671,0.375,0.153,0.32,0.953,0.961,0.724,0.178,0.765,0.259,0.043
Junction_A,07-01-2025 19:00,223,32.24,65,50,0,Cloudy,Weekend,0,Good,53.01,0,0.497,0.445,0.731,0.395,0.428,0.642,0.673,0.042,0.928,0.75,0.061,0.457,0.994,0.934,0.926,0.862,0.402,0.432,0.071,0.878,0.605,0.051,0.852,0.073,0.715,0.338,0.08,0.868,0.031,0.183,0.01,0.597,0.101,0.013,0.833,0.825,0.786,0.716,0.143
Junction_C,07-01-2025 20:00,329,58.77,30,69,0,Clear,Weekend,0,Poor,65.13,1,0.34,0.789,0.148,0.931,0.326,0.704,0.408,0.58,0.996,0.532,0.288,0.397,0.011,0.402,0.619,0.316,0.503,0.091,0.66,0.269,0.528,0.864,0.357,0.933,0.315,0.388,0.049,0.834,0.726,0.43,0.238,0.605,0.309,0.172,0.201,0.276,0.567,0.722,0.153
Junction_B,07-01-2025 21:00,163,66.83,37,5,0,Rainy,Weekday,0,Good,53.69,0,0.872,0.64,0.853,0.126,0.84,0.373,0.886,0.453,0.796,0.538,0.093,0.455,0.73,0.469,0.825,0.852,0.839,0.747,0.809,0.982,0.557,0.341,0.261,0.395,0.306,0.242,0.448,0.833,0.836,0.984,0.82,0.48,0.611,0.654,0.452,0.93,0.957,0.282,0.06
Junction_D,07-01-2025 22:00,337,69.16,142,66,0,Clear,Weekday,0,Average,69.37,0,0.545,0.676,0.711,0.737,0.144,0.564,0.222,0.949,0.754,0.278,0.964,0.415,0.572,0.706,0.689,0.041,0.651,0.013,0.673,0.383,0.978,0.9,0.947,0.793,0.152,0.924,0.446,0.698,0.415,0.298,0.209,0.816,0.964,0.025,0.692,0.365,0.318,0.835,0.104
Junction_C,07-01-2025 23:00,480,55.2,128,6,0,Clear,Weekday,0,Average,79.07,0,0.758,0.132,0.907,0.975,0.43,0.451,0.715,0.061,0.216,0.217,0.135,0.73,0.434,0.922,0.552,0.05,0.615,0.644,0.497,0.178,0.773,0.941,0.726,0.279,0.264,0.522,0.896,0.291,0.765,0.6,0.241,0.063,0.096,0.064,0.637,0.858,0.22,0.317,0.021
Junction_A,08-01-2025 00:00,391,32.58,76,50,0,Rainy,Weekday,0,Poor,84.17,1,0.754,0.234,0.132,0.052,0.904,0.672,0.882,0.685,0.336,0.288,0.152,0.135,0.128,0.142,0.242,0.624,0.176,0.183,0.95,0.352,0.106,0.671,0.22,0.646,0.428,0.013,0.126,0.336,0.175,0.776,0.13,0.815,0.023,0.221,0.716,0.266,0.677,0.725,0.024
Junction_D,08-01-2025 01:00,200,15.01,156,71,0,Clear,Weekend,1,Good,68.57,0,0.018,0.787,0.593,0.682,0.846,0.584,0.731,0.025,0.466,0.556,0.89,0.198,0.409,0.304,0.426,0.063,0.513,0.232,0.3,0.44,0.778,0.664,0.449,0.873,0.733,0.019,0.123,0.308,0.322,0.749,0.715,0.495,0.056,0.512,0.224,0.515,0.758,0.121,0.087
Junction_A,08-01-2025 02:00,499,56.63,85,41,0,Cloudy,Weekday,0,Good,89.36,0,0.126,0.971,0.599,0.468,0.401,0.526,0.697,0.171,0.773,0.029,0.944,0.181,0.354,0.139,0.968,0.325,0.715,0.636,0.019,0.069,0.171,0.453,0.796,0.042,0.336,0.973,0.147,0.02,0.974,0.329,0.069,0.134,0.052,0.546,0.098,0.107,0.225,0.169,0.017
Junction_A,08-01-2025 03:00,176,43.5,43,63,0,Clear,Weekday,0,Poor,25.54,0,0.66,0.263,0.353,0.579,0.763,0.25,0.753,0.454,0.915,0.907,0.766,0.262,0.303,0.612,0.658,0.673,0.973,0.993,0.432,0.578,0.447,0.836,0.547,0.831,0.329,0.221,0.03,0.583,0.986,0.611,0.331,0.886,0.908,0.034,0.917,0.66,0.077,0.316,0.015
Junction_B,08-01-2025 04:00,204,35.45,57,14,0,Cloudy,Weekday,0,Good,33.32,0,0.162,0.272,0.458,0.085,0.823,0.002,0.465,0.455,0.189,0.156,0.005,0.525,0.731,0.306,0.564,0.337,0.201,0.778,0.033,0.598,0.21,0.962,0.65,0.571,0.285,0.806,0.072,0.699,0.513,0.871,0.282,0.649,0.721,0.17,0.56,0.836,0.811,0.594,0.313
Junction_D,08-01-2025 05:00,435,64.38,107,28,0,Cloudy,Weekday,0,Average,100.06,1,0.255,0.473,0.038,0.043,0.889,0.174,0.874,0.686,0.922,0.22,0.001,0.111,0.701,0.326,0.933,0.18,0.01,0.226,0.954,0.739,0.69,0.775,0.754,0.607,0.478,0.058,0.66,0.854,0.934,0.015,0.555,0.164,0.677,0.5,0.154,0.718,0.977,0.646,0.02
Junction_D,08-01-2025 06:00,322,16.67,159,32,0,Cloudy,Weekend,0,Poor,45.48,1,0.947,0.984,0.746,0.667,0.545,0.117,0.203,0.91,0.696,0.518,0.378,0.868,0.589,0.071,0.587,0.281,0.075,0.176,0.21,0.029,0.877,0.622,0.622,0.523,0.181,0.921,0.432,0.14,0.523,0.436,0.73,0.034,0.523,0.594,0.793,0.523,0.645,0.396,0.319
Junction_B,08-01-2025 07:00,153,39.56,138,93,0,Foggy,Weekend,0,Poor,12.52,0,0.56,0.269,0.549,0.823,0.204,0.449,0.127,0.639,0.611,0.71,0.143,0.297,0.939,0.35,0.526,0.458,0.376,0.866,0.789,0.541,0.29,0.607,0.54,0.874,0.486,0.874,0.764,0.544,0.292,0.224,0.533,0.141,0.782,0.148,0.915,0.045,0.278,0.078,0.217
Junction_C,08-01-2025 08:00,466,10.68,43,26,0,Clear,Weekend,0,Good,26.92,0,0.751,0.407,0.058,0.782,0.255,0.612,0.286,0.954,0.2,0.096,0.018,0.163,0.35,0.862,0.759,0.475,0.821,0.444,0.775,0.053,0.082,0.849,0.75,0.043,0.704,0.571,0.993,0.008,0.267,0.389,0.931,0.609,0.156,0.399,0.17,0.933,0.997,0.374,0.552
Junction_A,08-01-2025 09:00,442,38.12,85,35,0,Rainy,Weekday,0,Poor,34.6,0,0.558,0.891,0.681,0.544,0.296,0.213,0.532,0.882,0.056,0.318,0.464,0.676,0.244,0.233,0.713,0.783,0.007,0.137,0.218,0.701,0.298,0.541,0.728,0.261,0.03,0.009,0.659,0.095,0.93,0.416,0.951,0.179,0.392,0.904,0.817,0.705,0.893,0.689,0.297
Junction_E,08-01-2025 10:00,348,13.38,144,28,0,Rainy,Weekday,0,Good,115.31,0,0.553,0.003,0.467,0.1,0.594,0.939,0.511,0.584,0.568,0.969,0.943,0.038,0.656,0.695,0.193,0.75,0.457,0.862,0.621,0.056,0.672,0.804,0.63,0.876,0.01,0.258,0.05,0.054,0.172,0.747,0.361,0.226,0.49,0.999,0.933,0.746,0.513,0.671,0.01
Junction_A,08-01-2025 11:00,295,17.13,36,37,0,Clear,Weekend,0,Good,73.03,0,0.094,0.04,0.034,0.688,0.033,0.007,0.821,0.834,0.652,0.262,0.324,0.62,0.199,0.63,0.471,0.457,0.329,0.816,0.048,0.912,0.329,0.509,0.36,0.752,0.075,0.407,0.105,0.725,0.58,0.094,0.778,0.025,0.11,0.987,0.938,0.795,0.825,0.16,0.058
Junction_A,08-01-2025 12:00,225,17.05,32,56,0,Foggy,Weekday,0,Good,112.6,1,0.344,0.604,0.97,0.242,0.636,0.772,0.405,0.643,0.211,0.313,0.661,0.698,0.315,0.863,0.473,0.846,0.052,0.984,0.484,0.702,0.278,0.062,0.406,0.018,0.536,0.46,0.881,0.081,0.556,0.513,0.739,0.723,0.42,0.882,0.914,0.748,0.816,0.008,0.03
Junction_C,08-01-2025 13:00,88,48.95,140,96,0,Foggy,Weekday,0,Good,73.27,0,0.282,0.907,0.949,0.911,0.364,0.625,0.484,0.079,0.556,0.836,0.652,0.215,0.225,0.132,0.378,0.114,0.45,0.91,0.015,0.507,0.184,0.384,0.97,0.517,0.854,0.298,0.527,0.716,0.74,0.564,0.893,0.81,0.317,0.395,0.546,0.441,0.935,0.753,0.188
Junction_A,08-01-2025 14:00,219,54.76,136,26,0,Cloudy,Weekend,0,Good,62.73,0,0.391,0.239,0.513,0.838,0.295,0.374,0.013,0.741,0.856,0.05,0.251,0.042,0.069,0.978,0.517,0.255,0.255,0.852,0.921,0.442,0.498,0.444,0.112,0.53,0.005,0.033,0.825,0.25,0.499,0.494,0.448,0.797,0.036,0.687,0.356,0.734,0.841,0.106,0.396
Junction_B,08-01-2025 15:00,296,45,47,54,0,Clear,Weekend,0,Poor,44.51,0,0.798,0.47,0.094,0.709,0.879,0.05,0.41,0.095,0.835,0.465,0.65,0.364,0.827,0.583,0.413,0.828,0.352,0.053,0.976,0.131,0.276,0.142,0.269,0.401,0.937,0.59,0.857,0.878,0.272,0.732,0.53,0.128,0.137,0.417,0.007,0.625,0.644,0.082,0.239
Junction_B,08-01-2025 16:00,75,67.73,67,32,0,Clear,Weekend,0,Average,76.7,1,0.372,0.45,0.755,0.949,0.46,0.627,0.648,0.594,0.927,0.38,0.212,0.099,0.255,0.995,0.199,0.378,0.706,0.104,0.222,0.291,0.731,0.102,0.492,0.297,0.106,0.524,0.928,0.813,0.169,0.384,0.416,0.903,0.764,0.649,0.061,0.854,0.609,0.003,0.077
Junction_D,08-01-2025 17:00,404,32.49,144,67,1,Rainy,Weekend,1,Average,25.31,1,0.452,0.473,0.492,0.031,0.095,0.386,0.016,0.703,0.366,0.317,0.122,0.116,0.473,0.912,0.412,0.981,0.522,0.569,0.208,0.869,0.077,0.535,0.837,0.682,0.842,0.283,0.95,0.958,0.621,0.945,0.85,0.672,0.018,0.309,0.429,0.802,0.467,0.433,0.363
Junction_E,08-01-2025 18:00,355,27.14,44,85,0,Clear,Weekday,0,Poor,108.81,1,0.397,0.623,0.302,0.736,0.827,0.936,0.281,0.067,0.318,0.286,0.701,0.254,0.043,0.222,0.072,0.466,0.125,0.531,0.754,0.904,0.664,0.085,0.164,0.208,0.483,0.038,0.555,0.884,0.719,0.482,0.23,0.898,0.934,0.606,0.399,0.041,0.626,0.503,0.042
Junction_A,08-01-2025 19:00,458,62.12,148,65,0,Foggy,Weekday,0,Poor,101.23,0,0.093,0.47,0.491,0.33,0.048,0.542,0.208,0.231,0.749,0.091,0.113,0.295,0.699,0.056,0.576,0.792,0.961,0.458,0.253,0.001,0.238,0.303,0.277,0.799,0.659,0.995,0.341,0.933,0.57,0.571,0.24,0.447,0.086,0.524,0.185,0.379,0.795,0.638,0.098
Junction_A,08-01-2025 20:00,457,23.42,57,9,0,Clear,Weekend,0,Average,44.93,0,0.441,0.447,0.522,0.906,0.727,0.94,0.042,0.916,0.431,0.315,0.997,0.53,0.331,0.256,0.854,0.402,0.636,0.397,0.895,0.594,0.489,0.745,0.066,0.803,0.511,0.482,0.962,0.859,0.738,0.826,0.373,0.437,0.799,0.024,0.395,0.035,0.969,0.296,0.581
Junction_C,08-01-2025 21:00,62,67.79,68,4,0,Rainy,Weekday,0,Average,114.81,1,0.196,0.474,0.563,0.267,0.774,0.22,0.479,0.616,0.088,0.043,0.183,0.678,0.745,0.528,0.725,0.425,0.766,0.431,0.574,0.719,0.286,0.964,0.706,0.415,0.477,0.756,0.547,0.693,0.142,0.275,0.23,0.785,0.899,0.791,0.175,0.102,0.467,0.71,0.011
Junction_B,08-01-2025 22:00,365,10.73,46,73,0,Cloudy,Weekend,0,Average,100.77,0,0.187,0.591,0.441,0.725,0.353,0.726,0.182,0.246,0.283,0.781,0.594,0.593,0.412,0.172,0.36,0.383,0.079,0.569,0.351,0.619,0.723,0.718,0.238,0.284,0.835,0.452,0.064,0.17,0.882,0.075,0.561,0.093,0.941,0.012,0.849,0.601,0.574,0.169,0.075
Junction_E,08-01-2025 23:00,440,68.19,115,96,0,Rainy,Weekend,0,Average,83.29,0,0.094,0.537,0.606,0.878,0.825,0.617,0.743,0.691,0.419,0.398,0.411,0.148,0.196,0.167,0.087,0.719,0.047,0.002,0.833,0.082,0.945,0.993,0.389,0.284,0.756,0.043,0.643,0.272,0.582,0.708,0.134,0.521,0.867,0.293,0.298,0.874,0.445,0.832,0.035
Junction_D,09-01-2025 00:00,362,12.59,155,37,0,Rainy,Weekday,0,Average,23.39,1,0.357,0.854,0.919,0.042,0.516,0.739,0.848,0.597,0.293,0.444,0.126,0.172,0.513,0.463,0.202,0.548,0.019,0.261,0.493,0.218,0.917,0.698,0.444,0.482,0.483,0.31,0.588,0.213,0.127,0.483,0.32,0.836,0.288,0.006,0.599,0.12,0.668,0.572,0.082
Junction_B,09-01-2025 01:00,85,63.47,73,12,0,Cloudy,Weekend,0,Good,62.61,1,0.757,0.049,0.362,0.398,0.463,0.215,0.546,0.502,0.332,0.894,0.028,0.879,0.131,0.033,0.545,0.944,0.189,0.518,0.912,0.25,0.583,0.294,0.891,0.72,0.112,0.32,0.896,0.604,0.462,0.897,0.913,0.83,0.333,0.376,0.503,0.451,0.63,0.584,0.137
Junction_D,09-01-2025 02:00,222,41.66,54,30,0,Rainy,Weekday,0,Poor,65.67,0,0.276,0.833,0.726,0.762,0.045,0.665,0.982,0.976,0.294,0.658,0.623,0.558,0.441,0.122,0.207,0.251,0.414,0.722,0.928,0.832,0.463,0.672,0.411,0.359,0.115,0.838,0.653,0.504,0.845,0.983,0.409,0.956,0.427,0.063,0.052,0.911,0.018,0.21,0
Junction_C,09-01-2025 03:00,69,69.58,174,46,0,Rainy,Weekday,0,Good,35.58,0,0.312,0.844,0.894,0.455,0.29,0.498,0.45,0.683,0.041,0.008,0.807,0.87,0.317,0.416,0.544,0.101,0.936,0.174,0.165,0.463,0.818,0.702,0.145,0.61,0.802,0.654,0.349,0.867,0.898,0.399,0.748,0.698,0.139,0.914,0.942,0.814,0.541,0.074,0.209
Junction_C,09-01-2025 04:00,370,14.43,42,99,0,Clear,Weekday,0,Average,18.8,0,0.643,0.285,0.456,0.267,0.931,0.743,0.513,0.375,0.637,0.943,0.842,0.372,0.912,0.063,0.232,0.393,0.457,0.547,0.002,0.487,0.683,0.372,0.524,0.382,0.529,0.275,0.966,0.953,0.265,0.415,0.113,0.208,0.022,0.416,0.527,0.52,0.088,0.465,0.036
Junction_A,09-01-2025 05:00,313,43.23,54,87,1,Clear,Weekday,0,Average,95.44,0,0.196,0.463,0.443,0.22,0.392,0.327,0.989,0.8,0.597,0.237,0.483,0.614,0.061,0.397,0.849,0.617,0.29,0.714,0.984,0.935,0.184,0.018,0.963,0.305,0.482,0.968,0.802,0.405,0.711,0.408,0.248,0.02,0.869,0.459,0.325,0.772,0.026,0.616,0
Junction_E,09-01-2025 06:00,449,68.16,97,51,0,Cloudy,Weekend,0,Average,23.42,0,0.897,0.439,0.602,0.132,0.547,0.89,0.232,0.885,0.653,0.108,0.777,0.524,0.694,0.474,0.397,0.861,0.562,0.445,0.906,0.637,0.821,0.703,0.608,0.025,0.681,0.322,0.63,0.506,0.1,0.325,0.807,0.479,0.554,0.35,0.158,0.523,0.791,0.095,0.489
Junction_D,09-01-2025 07:00,191,41.39,167,55,0,Clear,Weekday,0,Good,75.37,1,0.52,0.219,0.591,0.857,0.532,0.084,0.943,0.125,0.192,0.768,0.673,0.319,0.183,0.451,0.246,0.346,0.112,0.027,0.055,0.899,0.429,0.022,0.983,0.004,0.859,0.998,0.293,0.972,0.034,0.782,0.763,0.514,0.609,0.628,0.339,0.158,0.259,0.951,0.005
